{"cameraMode":{"drawMode":0,"name":"Shaded","section":"Shading Mode"},"sceneLighting":true,"audioPlay":false,"sceneViewState":{"showFog":true,"showMaterialUpdate":false,"showSkybox":true,"showFlares":true,"showImageEffects":true,"showParticleSystems":true},"in2DMode":false,"pivot":{"x":68.63289642333985,"y":-46.035648345947269,"z":22.209819793701173},"rotation":{"x":0.2216418832540512,"y":0.6340557932853699,"z":-0.19676031172275544,"w":0.7142360210418701},"size":51.90982437133789,"orthographic":false}